Question ID,max_marks,full_question,solution,student_answer,Correct marks,AI Marks,AI Confidence,AI Marker's Summarised Explanation,AI Marker's Staged Explanation,rubric_json,extracted_marking_guideline
b001,1,"Vani took part in a 2400 m race. She took a rest after running 835 m. She continued running for another 258 m before giving up.

[Question]
What is the distance she ran in all? Give your answer in metres.","835 m $+$ 258 m $=$ 1093 m

Ans: 1093 m",835+258=1093,0,0,High Confidence,"Student stated ‚Äú1093‚Äù without the required unit ‚Äúm‚Äù. Numeric value correct, but missing unit makes the final answer incomplete/incorrect.","Final answer step summary: The total distance Vani ran is 1093 m.
Marker's rationale: The student's answer does not match the so...nit ‚Äúm‚Äù is omitted, violating the unit requirement (Criteria 2).","[
  {
    ""step_code"": ""Final answer"",
    ""step_summary"": ""The total distance Vani ran is 1093 m."",
    ""evidence_required"": ""1093 m"",
    ""mark_value"": ""1"",
    ""units_required"": ""m""
  }
]","Relevant rules for grading this question (copied verbatim, original numbering kept):

B) General marking standards  
3. All answers must be precise and exact unless otherwise stated.  

C) Common presentation errors  
1. Inappropriate use of equal signs  
   E.g.  
   - 40% = $300 (wrong)  
   - 4/10 = $300 (wrong)  
   - 0.4 = $300 (wrong)  
   - 3/4 = 4/5 (wrong)  
   - 7/11 = 0.636 (wrong)  
   - 7/11 ‚âà 0.64 (correct)  

5. Redundancy ‚Äì Leading zero, trailing zero, and zero place holders  
   E.g.  
   - 8L 020 mL (wrong)  
   - 8L 20 mL (correct)  
   - 8020 mL (correct)  
   - 0 m 95 cm (wrong)  
   - 95 cm (correct)  
   - 2.34 litres (correct)  
   - 2.340 litres (wrong) unless question specified 3 decimal places  
   - 173.9 (correct)  
   - 173.90 (wrong) unless question specified 2 decimal places  
     
   Trailing zeros on number pattern can be accepted  
   - 0.900 (correct)  

6. Grammar ‚Äì No marks will be deducted for grammar errors unless it is numbers-to-word questions  
   E.g.  
   - Triangles (correct)  
   - Triangle (correct)  

D) Units related marking  
8. Years are considered as units and will be treated accordingly.  
   (Note: By extension, other metric units such as metres must be present when required; omit unit ‚Üí mark down.)"
b002,1,"A printer prints 25 copies in 30 seconds. How long will it take to
print 80 copies at this rate? The use of
calculators is NOT allowed.","With more time, we can print more copies, they are in direct
proportion.

25 copies takes 30 s

80 copies takes $\frac{30s}{25}\times$ 80 $=$ 96 s

Ans: 96 s",96,0,0,High Confidence,"Student gave ‚Äú96‚Äù but omitted the required unit ‚Äús‚Äù. Despite correct value and clear work, absence of the unit renders the final answer incorrect.","Final answer step summary: The final answer is 96 s.
Marker's rationale: The student's answer does not match the so...e required unit ‚Äús‚Äù for seconds is missing (Criteria 2). Hence, no mark can be awarded.","[
  {
    ""step_code"": ""Final answer"",
    ""step_summary"": ""The final answer is 96 s."",
    ""evidence_required"": ""96 s"",
    ""mark_value"": ""1"",
    ""units_required"": ""s""
  }
]","Copied rules that could be needed to grade this question:

B) General marking standards  
1. All fractions and ratios must be left in the simplest form unless otherwise stated.  
2. All improper fractions must be converted to mixed numbers unless otherwise stated.  
3. All answers must be precise and exact unless otherwise stated.  

C) Common presentation errors  
1. Inappropriate use of equal signs  
5. Redundancy ‚Äì Leading zero, trailing zero, and zero place holders  

D) Units related marking  
8. Years are considered as units and will be treated accordingly.  
   (Note: although this rule mentions ‚Äúyears‚Äù, it establishes that time words are units and must be stated; the same principle applies to ‚Äúseconds‚Äù or ‚Äúminutes‚Äù.)  

E) Alternative format provided by students  
3. Time  
   When question states that the answer has to be in 12-hour format ‚Ä¶ (guideline on acceptable and unacceptable time formats).  
4. Duration  
   Original answer: 2h 45 min  
   ‚Ä¢ 2h 45 mins (Correct)  
   ‚Ä¢ 2h 45 m (Wrong)  

G) No calculator questions  
When the question states ‚ÄúShow your working clearly‚Äù, students' final answer step must include working."
b003,1,"Mr Tan had some sweets. If he were to give 12 sweets to each
student, he would need another 38 sweets. If he were to give 14
sweets to each student, he would need another 58 sweets. How many
students did Mr Tan have?","Big difference $=$ 58 $-$ 38 $=$ 20

Small difference $=$ 14 $-$ 12 $=$ 2

Number of students $=$ 20 $\div$ 2 $=$ 10

Ans: 10 students",10,1,1,High Confidence,Student‚Äôs final answer ‚Äú10‚Äù matches exactly; no unit needed and presentation is clear. Fully correct.,"Final answer step summary: The final answer is 10 students.
Marker's rationale: The student's answer matches the solution because the numerical answer 10 is exactly the same as the required answer, no specific units were mandated, and the format is clear and acceptable.","[
  {
    ""step_code"": ""Final answer"",
    ""step_summary"": ""The final answer is 10 students."",
    ""evidence_required"": ""10 students"",
    ""mark_value"": ""1"",
    ""units_required"": ""none""
  }
]","Relevant rules that may be applied when grading this question:

B) General marking standards  
1. All fractions and ratios must be left in the simplest form unless otherwise stated.  
2. All improper fractions must be converted to mixed numbers unless otherwise stated.  
3. All answers must be precise and exact unless otherwise stated.  

C) Common presentation errors  
1. Inappropriate use of equal signs  
5. Redundancy ‚Äì Leading zero, trailing zero, and zero place holders  
6. Grammar ‚Äì No marks will be deducted for grammar errors unless it is numbers-to-word questions  

D) Units related marking  
8. Years are considered as units and will be treated accordingly.  
   (Although ‚Äústudents‚Äù is not a formal unit, this reminds us that, if a pupil writes ‚Äú18 students‚Äù, it is acceptable; if only the numeral is given, it is still acceptable.)  

G) No calculator questions  
When the question states 'Show your working clearly', students' final answer step must include working."
b004,1,"Nancy is 5$x$ years old. She will be 4 times as old as Ronald in 8 years' time. <br>

[Question]
Find Ronald's age in 8 years' time in terms of $x$.","Nancy's age in 8 years' time $=$ (5$x +$ 8) years old
Ronald's age in 8 years' time $=$ $(\frac{5x + 8}{4})$ years old
 Ans: $(\frac{5x + 8}{4})$ years old",5x+8/4,0,0,Low Confidence,"Student wrote ‚Äú5x+8/4‚Äù without brackets, which means 5 ùë• + 2 5x+2, not ( 5 ùë• + 8 ) / 4 (5x+8)/4. Not equivalent to the required form; formatting changes the meaning, so it‚Äôs incorrect.","Final answer step summary: Ronald‚Äôs age in 8 years‚Äô time is (5x + 8)/4 years old.
Marker's rationale: The student's answer does not match the solution because the expression ‚Äú5x+8/4‚Äù without brackets means 5x + 2, not (5x + 8)/4. Hence it is not equivalent to the required answer, and the linear format that alters the intended fraction violates presentation rules.","[
  {
    ""step_code"": ""Final answer"",
    ""step_summary"": ""Ronald\u2019s age in 8 years\u2019 time is (5x + 8)/4 years old."",
    ""evidence_required"": ""(5x + 8)/4 years old"",
    ""mark_value"": ""1"",
    ""units_required"": ""none""
  }
]","Relevant rules to grade this algebra‚Äêage question (section / rule numbers kept unchanged):

B) General marking standards  
1. All fractions and ratios must be left in the simplest form unless otherwise stated.  
2. All improper fractions must be converted to mixed numbers unless otherwise stated.  
3. All answers must be precise and exact unless otherwise stated.  

C) Common presentation errors  
1. Inappropriate use of equal signs ‚Ä¶ will be penalised.  
2. Algebraic fractions given in linear format which changes the meaning of the fraction will be penalised.  
3. Algebraic terms with coefficient 1 written will be marked down. (e.g. 1ùëé + 3 is wrong; ùëé + 3 is correct.)  
4. Separate algebra terms with units that are given without brackets will be marked down.  
   E.g.  
   ‚Äì 3x + 2 years (wrong)  
   ‚Äì (3x + 2) years (correct)  

D) Units related marking  
8. Years are considered as units and will be treated accordingly.  
   ‚Ä¢ If the question asked for total, age difference, how many years ago, how many years later or how many years' time, students have to give the units ‚Äúyears‚Äù.  
   E.g.  
   ‚Äì Years (correct)  

G) No calculator questions  
When the question states ‚ÄúShow your working clearly‚Äù, students' final answer step must include working."
b005,2,"Part of a scale is shown below. Find the sum of the values of P and
Q.

![Image](https://storage.googleapis.com/geniebook/images/question/Mathematics/68907_qsn_img_00.png)","There are 5 intervals between 0.9 and 1.0
5 intervals $=$ 1.0 $-$ 0.9 $=$ 0.1
1 interval $=$ 0.1 $\div$ 5 $=$ 0.02
Value of P $=$ 0.9 $-$ 0.02 $=$ 0.88
Value of Q $=$ 1.1 $+$ (0.02 $\times$ 2) $=$ 1.14
Sum of P and Q $=$ 1.14 $+$ 0.88 $=$ 2.02
Ans: 2.02","P: 0.88
Q: 1.14",1,1,High Confidence,"S1 correct: P = 0.88 and Q = 1.14 are both stated. Final answer missing the required sum 2.02, so the overall result is marked incorrect despite S1 credit.","S1 step summary: Determine the values of P and Q on the scale
Marker's rationale: The student's answer fully matches the solution because both intermediate values P = 0.88 and Q = 1.14 are correctly stated, satisfying the evidence required for this step.

Final answer step summary: State the sum of P and Q
Marker's rationale: The student's answer does not match the solution because the required sum 2.02 is missing; hence answer equivalence fails. No units were required and format is acceptable, so criteria 2 and 3 are met, but with criteria 1 = 0 no marks are awarded for this step.","[
  {
    ""step_code"": ""S1"",
    ""step_summary"": ""Determine the values of P and Q on the scale"",
    ""evidence_required"": ""P = 0.88, Q = 1.14"",
    ""mark_value"": ""1"",
    ""units_required"": ""none""
  },
  {
    ""step_code"": ""Final answer"",
    ""step_summary"": ""State the sum of P and Q"",
    ""evidence_required"": ""2.02"",
    ""mark_value"": ""2"",
    ""units_required"": ""none""
  }
]","Relevant rules that could be needed for grading this question (original section / rule numbers kept unchanged):

B) General marking standards  
1. All fractions and ratios must be left in the simplest form unless otherwise stated.  
2. All improper fractions must be converted to mixed numbers unless otherwise stated.  
3. All answers must be precise and exact unless otherwise stated.  

C) Common presentation errors  
1. Inappropriate use of equal signs  
   ‚Äì e.g. writing a value followed immediately by an equals-sign and the final answer (40% = $300, 0.4 = $300, etc.) is penalised.  
5. Redundancy ‚Äì Leading zero, trailing zero, and zero place holders  
   ‚Äì E.g. 2.34 (correct) vs 2.340 (wrong) unless the question specifies the number of decimal places.  
   ‚Äì Trailing zeros in a number pattern (e.g. 0.900) can be accepted.  

D) Units related marking  
8. Years are considered as units and will be treated accordingly. (General reminder that, when a question requires a unit, the correct unit must be given; omission of a required unit will be penalised.)

G) No calculator questions  
When the question states ‚ÄúShow your working clearly‚Äù, students‚Äô final-answer step must include working."
b006,2,"A square garden measuring 6 m by 6 m has been divided into 3
rectangles. All the rectangles have the same area.

![Image](https://storage.googleapis.com/geniebook/images/question/Default Folder/56627_des_img_0_1607006745.png)

[Question]
Find the area of each rectangle.","Area of the square garden $=$ 6 m $\times$ 6 m $=$ 36 m$^2$
Area of each rectangle $=$ 36 m$^2$ $\div$ 3 $=$ 12 m$^2$
Ans: 12 m$^2$",12 cm$^{2}$,1,1,High Confidence,"S1 missing: total garden area 36 m¬≤ not shown. Final value ‚Äú12‚Äù is right, but unit given as cm¬≤ instead of required m¬≤; partial but final marked incorrect for unit error.","S1 step summary: Compute the total area of the square garden
Marker's rationale: The student's answer does not match the solution because no working showing the total area 36 m¬≤ is present.

Final answer step summary: State the area of each rectangle
Marker's rationale: The student's answer partially matches the solution because the numerical value ‚Äò12‚Äô is correct, satisfying answer equivalence, and the presentation is clear. However, the unit given is ‚Äòcm^2‚Äô instead of the required ‚Äòm^2‚Äô, so the unit accuracy criterion is not met.","[
  {
    ""step_code"": ""S1"",
    ""step_summary"": ""Compute the total area of the square garden"",
    ""evidence_required"": ""36 m^2"",
    ""mark_value"": ""1"",
    ""units_required"": ""none""
  },
  {
    ""step_code"": ""Final answer"",
    ""step_summary"": ""State the area of each rectangle"",
    ""evidence_required"": ""12 m^2"",
    ""mark_value"": ""2"",
    ""units_required"": ""m^2""
  }
]","Relevant rules to grade this question ‚ÄúFind the area of each rectangle‚Äù:

B) General marking standards  
1. All fractions and ratios must be left in the simplest form unless otherwise stated.  
2. All improper fractions must be converted to mixed numbers unless otherwise stated.  
3. All answers must be precise and exact unless otherwise stated.  

C) Common presentation errors  
1. Inappropriate use of equal signs  
   E.g.  
   - 40% = $300 (wrong)  
   - 4/10 = $300 (wrong)  
   - 0.4 = $300 (wrong)  
   - 3/4 = 4/5 (wrong)  
   - 7/11 = 0.636 (wrong)  
   - 7/11 ‚âà 0.64 (correct)  

5. Redundancy ‚Äì Leading zero, trailing zero, and zero place holders  
   E.g.  
   - 2.34 litres (correct)  
   - 2.340 litres (wrong) unless question specified 3 decimal places  
   - 173.9 (correct)  
   - 173.90 (wrong) unless question specified 2 decimal places  
   Trailing zeros on number pattern can be accepted  
   - 0.900 (correct)  

D) Units related marking  
(no specific area‚Äêunit rule is stated, but see E-2 for powers in units)  

E) Alternative format provided by students  
2. Powers in units  
   Original form: cm¬≤  
   - cm2 (Correct)  
   - cm^2 (Correct)  
   - cm square (Correct)  
   - square cm (Correct)  
   - ^cm2 (Wrong)"
b007,2,"![Image](https://storage.googleapis.com/geniebook/images/question/Default Folder/47801a_qsn_img_0_1606747744.png)

<html><head></head><body><p>Rain has two square towels, A and B. The perimeter of Towel A is twice the perimeter of Towel B. Given that each side of Towel B measures 32 cm, find the perimeter of Towel A.</p></body></html>",Each side of Towel B $=$ 32 cmPerimeter of Towel B$=$ 4 $\times$ 32 cm$=$ 128 cmPerimeter of Towel A$=$ 2 $\times$ 128 cm$=$ 256 cmAns$:$ 256 cm,"32x4=128
128x2=256",1,1,High Confidence,"S1 correct with perimeter 128 for Towel B. Final numeric 256 for Towel A is right, but the unit ‚Äúcm‚Äù is missing; thus final answer not fully correct.","S1 step summary: Calculate the perimeter of Towel B from its side length
Marker's rationale: The student's answer fully matches the solution because the working shows 128, which is the correct perimeter of Towel B, satisfying the evidence required for this step.

Final answer step summary: State the perimeter of Towel A, which is twice that of Towel B
Marker's rationale: The student's answer does not fully match the solution because although the numerical value 256 is correct and the working is clear, the required unit ""cm"" is missing from the stated final answer.","[
  {
    ""step_code"": ""S1"",
    ""step_summary"": ""Calculate the perimeter of Towel B from its side length"",
    ""evidence_required"": ""128 cm"",
    ""mark_value"": ""1"",
    ""units_required"": ""none""
  },
  {
    ""step_code"": ""Final answer"",
    ""step_summary"": ""State the perimeter of Towel A, which is twice that of Towel B"",
    ""evidence_required"": ""256 cm"",
    ""mark_value"": ""2"",
    ""units_required"": ""cm""
  }
]","Relevant rules to grade this Primary Mathematics perimeter question:

B) General marking standards  
1. All fractions and ratios must be left in the simplest form unless otherwise stated.  
2. All improper fractions must be converted to mixed numbers unless otherwise stated.  
3. All answers must be precise and exact unless otherwise stated.  

C) Common presentation errors  
1. Inappropriate use of equal signs  
   E.g.  
   - 40% = $300 (wrong)  
   - 4/10 = $300 (wrong)  
   - 0.4 = $300 (wrong)  
   - 3/4 = 4/5 (wrong)  
   - 7/11 = 0.636 (wrong)  
   - 7/11 ‚âà 0.64 (correct)  

5. Redundancy ‚Äì Leading zero, trailing zero, and zero place holders  
   E.g.  
   - 2.34 litres (correct)  
   - 2.340 litres (wrong) unless question specified 3 decimal places  
   - 173.9 (correct)  
   - 173.90 (wrong) unless question specified 2 decimal places  

D) Units related marking  
6. The usage of S and c for dollars and cents is acceptable. Not all students understand how to type $ and ¬¢.  
   (Note: Although this rule is about money, it underscores leniency on symbol entry; similar tolerance is applied to ‚Äúcm‚Äù variations.)  

E) Alternative format provided by students  
2. Powers in units  
   Original form: cm¬≤  
   - cm2 (Correct)  
   - cm^2 (Correct)  
   - cm square (Correct)  
   - square cm (Correct)  
   - ^cm2 (Wrong)

G) No calculator questions  
When the question states 'Show your working clearly', students' final answer step must include working.

(Only the above listed rules are relevant for assessing answers to the stated perimeter question.)"
b008,2,"What are the missing numbers in the blanks below?
<br><br>711, 721, 741, _______, 811, 861, _______","721 $-$ 711 $=$ 10
741 $-$ 721 $=$ 20
861 $-$ 811 $=$ 50
The pattern must be going by $+$ 10, $+$ 20, $+$ 30, $+$ 40, $+$ 50 and so on.
Hence the first missing number is 741 $+$ 30 $=$ 771
The second missing number is 861 $+$ 60 $=$ 921
Ans: 771, 921","761, 921",1,0,High Confidence,"Two numbers required: 771 and 921. Student gave 761 and 921; one is wrong, so the final answer is incorrect.","Final answer step summary: States both missing numbers in the sequence
Marker's rationale: The student's answer does not match the solution because only the second missing number 921 is correct; the first number 761 is incorrect. Although no units are required and the format is acceptable, failure in answer equivalence means no marks for this step.","[
  {
    ""step_code"": ""Final answer"",
    ""step_summary"": ""States both missing numbers in the sequence"",
    ""evidence_required"": ""771, 921"",
    ""mark_value"": ""2"",
    ""units_required"": ""none""
  }
]","Relevant rules for grading this ‚Äúmissing numbers‚Äù pattern question  
(Section / rule numbers are kept unchanged)

B) General marking standards  
3. All answers must be precise and exact unless otherwise stated.

C) Common presentation errors  
5. Redundancy ‚Äì Leading zero, trailing zero, and zero place holders  
   Trailing zeros on number pattern can be accepted  
   - 0.900 (correct)

11. When completing numbers, only stating the missing digit is acceptable  
    E.g. 245_  
    - 0 (correct)  
    - 2450 (correct)"
b009,3,Wendy is 1 m 35 cm tall. She is 28 cm taller than Eden. Adele is half as tall as the total height of Wendy and Eden. What is Adele's height? Express your answer in metre and centimetres.,"1 m 35 cm $=$ 135 cm
Height of Eden $=$ 135 cm $-$ 28 cm $=$ 107 cm
Total height of Wendy and Eden $=$ 135 cm $+$ 107 cm $=$ 242 cm
Height of Adele $=$ 242 cm $\div$ 2 $=$ 121 cm
121 cm $=$ 1 m 21 cm
Ans: 1 m 21 cm",121 cm,2,2,High Confidence,"S1 missing 107 cm (Eden‚Äôs height). S2 correct with 121 cm (Adele). Final should be expressed as ‚Äú1 m 21 cm‚Äù; student wrote ‚Äú121 cm‚Äù, failing the required format/units.","S1 step summary: Compute Eden‚Äôs height by subtracting the difference from Wendy‚Äôs height
Marker's rationale: The student's answer does not show 107 cm, so there is no evidence of calculating Eden‚Äôs height.

S2 step summary: Find Adele‚Äôs height as half of the combined heights of Wendy and Eden
Marker's rationale: The student's answer contains 121 cm, showing the correct computation for Adele‚Äôs height, satisfying step S2.

Final answer step summary: Express Adele‚Äôs height in metres and centimetres
Marker's rationale: The student's answer partially matches the solution because the value 121 cm is mathematically equivalent to 1 m 21 cm, but it is not expressed in both metres and centimetres as explicitly required, so unit accuracy and required format are not met.","[
  {
    ""step_code"": ""S1"",
    ""step_summary"": ""Compute Eden\u2019s height by subtracting the difference from Wendy\u2019s height"",
    ""evidence_required"": ""107 cm"",
    ""mark_value"": ""1"",
    ""units_required"": ""none""
  },
  {
    ""step_code"": ""S2"",
    ""step_summary"": ""Find Adele\u2019s height as half of the combined heights of Wendy and Eden"",
    ""evidence_required"": ""121 cm"",
    ""mark_value"": ""1"",
    ""units_required"": ""none""
  },
  {
    ""step_code"": ""Final answer"",
    ""step_summary"": ""Express Adele\u2019s height in metres and centimetres"",
    ""evidence_required"": ""1 m 21 cm"",
    ""mark_value"": ""3"",
    ""units_required"": ""m and cm""
  }
]","Relevant rules to grade this question (original numbering preserved):

B) General marking standards  
1. All fractions and ratios must be left in the simplest form unless otherwise stated.  
3. All answers must be precise and exact unless otherwise stated.

C) Common presentation errors  
5. Redundancy ‚Äì Leading zero, trailing zero, and zero place holders  
   ‚Äì 0 m 95 cm (wrong) ; 95 cm (correct)

D) Units related marking  
6. The usage of S and c for dollars and cents is acceptable. (Not applicable here, but this clause confirms flexibility of standard unit abbreviations; by analogy, ‚Äòm‚Äô and ‚Äòcm‚Äô abbreviations are acceptable.)  
8. Years are considered as units and will be treated accordingly. (Demonstrates that correct unit inclusion is required; similarly, ‚Äòm‚Äô and ‚Äòcm‚Äô must appear.)

G) No calculator questions  
When the question states 'Show your working clearly', students' final answer step must include working. (Apply if the assessment requires working to be shown.)

These extracted rules cover precision of numerical answer, correct and non-redundant presentation of metre/centimetre units, and the necessity of units."
b010,3,"<html><head></head><body>The mass of each bale of rubber is 375 kg. The mass of each bale of
cotton cloth is 126 kg. Find the total mass of 12 such bales of
rubber and 8 such bales of cotton cloth.</body></html>",Total mass of rubber$=$ 12 $\times$ 375 kg$=$ 4500 kgTotal mass of cotton cloth$=$ 8 $\times$ 126 kg$=$ 1008 kgTotal mass of 12 bales of rubber and 8 bales of cotton cloth$=$ 1008 kg $+$ 4500 kg¬†$=$ 5508 kgAns$:$ 5508 kg,"12 bales of rubber: 3000kg
8 bales of cotton cloth:1008",1,1,High Confidence,S1 wrong (12√ó375 should be 4500; student had 3000). S2 correct (1008). Final total 5508 kg not provided; overall incomplete/incorrect except S2.,"S1 step summary: Calculate mass of 12 bales of rubber
Marker's rationale: The student's answer does not match the solution because 12 √ó 375 kg should be 4500 kg, but the student wrote 3000 kg.

S2 step summary: Calculate mass of 8 bales of cotton cloth
Marker's rationale: The student's answer fully matches the solution because the mass of 8 bales of cotton cloth (1008) is correctly shown.

Final answer step summary: Add both masses to obtain the total mass
Marker's rationale: The student's answer does not match the solution because the required total mass 5508 kg is missing; hence the numerical value, unit and answer format are all incorrect or absent.","[
  {
    ""step_code"": ""S1"",
    ""step_summary"": ""Calculate mass of 12 bales of rubber"",
    ""evidence_required"": ""4500"",
    ""mark_value"": ""1"",
    ""units_required"": ""none""
  },
  {
    ""step_code"": ""S2"",
    ""step_summary"": ""Calculate mass of 8 bales of cotton cloth"",
    ""evidence_required"": ""1008"",
    ""mark_value"": ""1"",
    ""units_required"": ""none""
  },
  {
    ""step_code"": ""Final answer"",
    ""step_summary"": ""Add both masses to obtain the total mass"",
    ""evidence_required"": ""5508"",
    ""mark_value"": ""3"",
    ""units_required"": ""kg""
  }
]","Relevant rules to grade this question (copied verbatim):

B) General marking standards  
3. All answers must be precise and exact unless otherwise stated.

C) Common presentation errors  
5. Redundancy ‚Äì Leading zero, trailing zero, and zero place holders  
   E.g.  
   - 2.34 litres (correct)  
   - 2.340 litres (wrong) unless question specified 3 decimal places  
   - 173.9 (correct)  
   - 173.90 (wrong) unless question specified 2 decimal places

D) Units related marking  
6. The usage of S and c for dollars and cents is acceptable. Not all students understand how to type $ and ¬¢.  
   E.g.  
   - 50c (correct)  
   - S100 (correct)

(While this sub-rule cites money, it also establishes that appropriate unit symbols are required; absence or misuse of units is penalised in the same spirit.)"
b011,3,"![Image](https://storage.googleapis.com/geniebook/images/question/Default Folder/58142a_qsn_img_0_1611563000.png)

The figure shows two identical overlapping rectangles. The
overlapped area is a square with an area of 64 cm$^{2}$. Find the
area of the unshaded parts.","8 $\times$ 8 $=$ 64

Length of the overlapping square $=$ 8 cm

Length of each rectangle $=$ 8 cm $+$ 15 cm $=$ 23 cm

Breadth of each rectangle $=$ 8 cm $+$ 9 cm $=$ 17 cm


Area of each rectangle $=$ 23 cm $\times$ 17 cm $=$ 391
cm$^{2}$

Area of unshaded part in each rectangle $=$ 391 cm$^2$ $-$ 64
cm$^2$ $=$ 327 cm$^{2}$

Area of the unshaded parts $=$ 327 cm$^2$ $+$ 327 cm$^2$ $=$ 654
cm$^{2}$

Ans: 654 cm$^{2}$","64=8x8
8+9=17
17x15=255
255x2=510
Answer: 510cm2
The area of the unshaded parts are 510cm2.",0,0,High Confidence,S1 wrong (391 cm¬≤ absent; student had 255). S2 wrong (327 cm¬≤ not shown). Final 510 cm¬≤ incorrect (should be 654 cm¬≤). No credit.,"S1 step summary: Calculate the area of one rectangle
Marker's rationale: The student's answer does not match the solution because the required intermediate value 391 cm¬≤ is absent; the student calculated 255 cm¬≤ instead.

S2 step summary: Calculate the unshaded area in one rectangle
Marker's rationale: The student's answer does not match the solution because the required intermediate value 327 cm¬≤ is not shown anywhere in the work.

Final answer step summary: Total unshaded area for both rectangles
Marker's rationale: The student's answer does not match the solution because the numerical value 510 cm¬≤ differs from the required 654 cm¬≤, although the unit and format are correct.","[
  {
    ""step_code"": ""S1"",
    ""step_summary"": ""Calculate the area of one rectangle"",
    ""evidence_required"": ""391 cm\u00b2"",
    ""mark_value"": ""1"",
    ""units_required"": ""none""
  },
  {
    ""step_code"": ""S2"",
    ""step_summary"": ""Calculate the unshaded area in one rectangle"",
    ""evidence_required"": ""327 cm\u00b2"",
    ""mark_value"": ""1"",
    ""units_required"": ""none""
  },
  {
    ""step_code"": ""Final answer"",
    ""step_summary"": ""Total unshaded area for both rectangles"",
    ""evidence_required"": ""654 cm\u00b2"",
    ""mark_value"": ""3"",
    ""units_required"": ""cm\u00b2""
  }
]","Relevant rules to grade this question:

B) General marking standards  
1. All fractions and ratios must be left in the simplest form unless otherwise stated.  
2. All improper fractions must be converted to mixed numbers unless otherwise stated.  
3. All answers must be precise and exact unless otherwise stated.  

C) Common presentation errors  
1. Inappropriate use of equal signs  
5. Redundancy ‚Äì Leading zero, trailing zero, and zero place holders  

E) Alternative format provided by students  
1. Fractions  
2. Powers in units  
   Original form: cm¬≤  
   - cm2 (Correct)  
   - cm^2 (Correct)  
   - cm square (Correct)  
   - square cm (Correct)  
   - ^cm2 (Wrong)"
b012,3,"Anwar's age this year is a multiple of 7. Next year, his age will
be a multiple of 5. He is more than 20 years old but less than 80
years old. How old will he be in 6 years' time?","Multiples of 7: 7, 14, 21, 28, 35, 42, 49
Multiples of 7 (+1): 8, 15, 22, 29, 36, 43, 50 (a
multiple of 5)

6 years later $=$ 49 $+$ 6 $=$ 55

Ans: 55 years old",55,2,3,Low Confidence,"S1 missing intermediate 49. Final answer 55 is correct, units not required, and clearly presented; final marked correct.","S1 step summary: Identify Anwar‚Äôs present age that fits all given conditions
Marker's rationale: The student's answer does not match the solution because the intermediate value 49 is not shown anywhere in the response.

Final answer step summary: State Anwar‚Äôs age 6 years from now
Marker's rationale: The student's answer fully matches the solution because it states the correct value 55, units are not required, and the answer is clearly and correctly presented.","[
  {
    ""step_code"": ""S1"",
    ""step_summary"": ""Identify Anwar\u2019s present age that fits all given conditions"",
    ""evidence_required"": ""49"",
    ""mark_value"": ""1"",
    ""units_required"": ""none""
  },
  {
    ""step_code"": ""Final answer"",
    ""step_summary"": ""State Anwar\u2019s age 6 years from now"",
    ""evidence_required"": ""55"",
    ""mark_value"": ""3"",
    ""units_required"": ""none""
  }
]","Relevant rules for grading this question (section / rule numbers kept unchanged):

B) General marking standards  
3. All answers must be precise and exact unless otherwise stated.

C) Common presentation errors  
5. Redundancy ‚Äì Leading zero, trailing zero, and zero place holders  
   ‚Ä¢ 173.9 (correct)  
   ‚Ä¢ 173.90 (wrong) unless question specified 2 decimal places  

D) Units related marking  
8. Years are considered as units and will be treated accordingly.  
   If the question asked for total, age difference, how many years ago, how many years later or how many years' time, students have to give the units ‚Äòyears‚Äô.  
   E.g.  
   ‚Ä¢ Years (correct)"
b013,4,"There were two tanks, Tank A and Tank B. Tank A measured 12 cm by
10 cm by 20 cm. It was $\frac{2}{3}$ filled with water. Half of the
water was poured into Tank B, which was already $\frac{1}{5}$
filled with water, filling it to the brim. What was the total
capacity of the two tanks? Express your answer in litres.","Volume of Tank A
$=$ 12 cm $\times$ 10 cm $\times$ 20 cm
$=$ 2400 cm$^3$

Volume of water poured into Tank B
$=$ $\frac{1}{2}\times $ $ \frac{2}{3}\times$ 2400 cm$^3$
$=$ 800 cm$^3$

Volume of Tank B
$=$ $\frac{5}{4}\times$ 800 cm$^3$
$=$ 1000 cm$^3$

Total capacity of two tanks
$=$ 1000 cm$^3$ $+$ 2400 cm$^3$
$=$ 3400 cm$^3$
$=$ 3.4 $\small \ell$

Ans: 3.4 $\small\ell$","tank a=2400cm2
tank B=1200+$\frac{1}{5}$of the tank=$\frac{4}{5}$is 1200$\frac{1}{5}$=1200 divided by 4=300$\frac{5}{5}$=1500 
total capacity=2400+1500=3900L",1,1,High Confidence,"S1 correct (2400 cm¬≥, unit typo tolerated). S2 missing 800 cm¬≥. S3 wrong (1500 vs 1000 cm¬≥). Final 3900 L incorrect (should be 3.4 L). Only S1 earns credit.","S1 step summary: Calculate the volume of Tank A
Marker's rationale: The student's answer fully matches the solution because the value 2400 (cm¬≥) for Tank A appears, satisfying the required evidence even though the unit was mistyped as cm¬≤.

S2 step summary: Find the volume of water poured into Tank B
Marker's rationale: The student's answer does not match the solution because no value of 800 cm¬≥ (volume poured) is shown.

S3 step summary: Determine the capacity of Tank B
Marker's rationale: The student's answer does not match the solution because the capacity of Tank B is given as 1500 instead of the required 1000 cm¬≥.

Final answer step summary: Compute total capacity of both tanks and convert to litres
Marker's rationale: The student's answer does not match the solution because the numerical value 3900 L is not equivalent to the required 3.4 L, although the unit ""L"" and formatting are correct.","[
  {
    ""step_code"": ""S1"",
    ""step_summary"": ""Calculate the volume of Tank A"",
    ""evidence_required"": ""2400 cm\u00b3"",
    ""mark_value"": ""1"",
    ""units_required"": ""none""
  },
  {
    ""step_code"": ""S2"",
    ""step_summary"": ""Find the volume of water poured into Tank B"",
    ""evidence_required"": ""800 cm\u00b3"",
    ""mark_value"": ""1"",
    ""units_required"": ""none""
  },
  {
    ""step_code"": ""S3"",
    ""step_summary"": ""Determine the capacity of Tank B"",
    ""evidence_required"": ""1000 cm\u00b3"",
    ""mark_value"": ""1"",
    ""units_required"": ""none""
  },
  {
    ""step_code"": ""Final answer"",
    ""step_summary"": ""Compute total capacity of both tanks and convert to litres"",
    ""evidence_required"": ""3.4 litres"",
    ""mark_value"": ""4"",
    ""units_required"": ""litres""
  }
]","Relevant rules to apply when grading this question (section / rule numbers kept unchanged):

B) General marking standards  
1. All fractions and ratios must be left in the simplest form unless otherwise stated.  
2. All improper fractions must be converted to mixed numbers unless otherwise stated.  
3. All answers must be precise and exact unless otherwise stated.

C) Common presentation errors  
1. Inappropriate use of equal signs ‚Äì penalise if equal sign is mis-used (e.g. chaining unequal values).  
5. Redundancy ‚Äì Leading zero, trailing zero, and zero place-holders.  
   ‚Ä¢ 2.34 L (correct)‚ÄÉ‚Ä¢ 2.340 L (wrong unless question specifies 3 dp).  

D) Units related marking  
(General unit expectations apply.) Students must state the required unit ‚Äúlitres‚Äù (or the accepted abbreviation ‚ÄúL‚Äù). Answers without the correct unit are marked down."
b014,4,"Mr Lee took 7 hours to travel from Town A to Town B while Mr Wong took 8 hours to travel from Town B to Town A. Both of them did not change their speed throughout the journey. Both of them started off at the same time and moved towards each other. 3 hours later, they were 110 km apart. What was the speed Mr Lee was driving?","Let the whole distance be 56 units

Mr Lee's speed $=$ 56 units $\div$ 7 h $=$ 8 units/h
Mr Wong's speed $=$ 56 units $\div$ 8 h $=$ 7 units/h 
Combined speed $=$ 7 units/h $+$ 8 units/h $=$ 15 units/h
Distance covered in 3 hours $=$ 15 units/h $\times$ 3 h $ =$ 45 units 
56 units $-$ 45 units $=$ 11 units $=$ 110 km
 1 unit $=$ 110 km $\div$ 11  $=$ 10 km
56 units $=$ 56 $\times$ 10 km $=$ 560 km
Mr Lee's speed 
$=$  Distance $\div$ Time
$=$ 560 km $\div$ 7 h
$=$ 80 km/h

Ans: 80 km/h","Let xkm be the distance betw the 2 towns.

Mr Lee's speed = x/7
Mr Wong's speed = x/8

3x/7 + 3x/8 + 110 = x

56x - 6160 = 45x

11x = 6160

x = 560

x/7 = 80km/h",4,4,High Confidence,S1 missing 8 units/h. S2 missing ‚Äú1 unit = 10 km‚Äù. S3 correct (560 km). Final correct (80 km/h with unit); clear presentation.,"S1 step summary: Find Mr Lee‚Äôs speed in abstract units per hour
Marker's rationale: The student's answer does not match the solution because no intermediate value of 8 units/h (abstract units) is shown.

S2 step summary: Determine the real‚Äìworld length of one unit
Marker's rationale: The student's answer does not match the solution because the conversion 1 unit = 10 km is not stated.

S3 step summary: Find the actual distance between Town A and Town B
Marker's rationale: The student's answer fully matches the solution because the distance between the towns is correctly found as 560 km.

Final answer step summary: State Mr Lee‚Äôs driving speed in kilometres per hour
Marker's rationale: The student's answer fully matches the solution because the stated speed is 80 km/h, includes the required unit, and is presented clearly without format errors.","[
  {
    ""step_code"": ""S1"",
    ""step_summary"": ""Find Mr Lee\u2019s speed in abstract units per hour"",
    ""evidence_required"": ""8 units/h"",
    ""mark_value"": ""1"",
    ""units_required"": ""none""
  },
  {
    ""step_code"": ""S2"",
    ""step_summary"": ""Determine the real\u2013world length of one unit"",
    ""evidence_required"": ""1 unit = 10 km"",
    ""mark_value"": ""1"",
    ""units_required"": ""none""
  },
  {
    ""step_code"": ""S3"",
    ""step_summary"": ""Find the actual distance between Town A and Town B"",
    ""evidence_required"": ""560 km"",
    ""mark_value"": ""1"",
    ""units_required"": ""none""
  },
  {
    ""step_code"": ""Final answer"",
    ""step_summary"": ""State Mr Lee\u2019s driving speed in kilometres per hour"",
    ""evidence_required"": ""80 km/h"",
    ""mark_value"": ""4"",
    ""units_required"": ""km/h""
  }
]","The following rules from the Full Marking Guideline may be needed when grading any possible student response to the given speed-distance-time question.  Section / rule numbers are retained exactly as in the guideline.

B) General marking standards  
1. All fractions and ratios must be left in the simplest form unless otherwise stated.  
3. All answers must be precise and exact unless otherwise stated.  

C) Common presentation errors  
1. Inappropriate use of equal signs  
   ‚Äì e.g. writing ‚Äú110 = 3 h‚Äù or other non-equivalent statements is penalised.  
5. Redundancy ‚Äì Leading zero, trailing zero, and zero place holders  
   ‚Äì e.g. writing 50.0 km/h (wrong unless the question asks for 1 d.p.).  

D) Units related marking  
1. Angles without a degree sign will be marked down.  (Not directly about speed, but it signals that missing or wrong units are penalised; by analogy, speed should be stated with correct units such as km/h.)  
2. Answers that are supposed to be percentage values will need ‚Äò%‚Äô as units. (Extends to requiring correct units in general.)  
8. Years are considered as units and will be treated accordingly.  (Reinforces that time units must be written correctly, e.g. h, hours.)

G) No calculator questions  
When the question states ‚ÄúShow your working clearly‚Äù, students‚Äô final answer step must include working.  (Apply if this question appears in a ‚Äòshow-working‚Äô section.)

H) Others  
8. When being asked to calculate and then round off, students can round off first and then calculate.  (Relevant if pupils round intermediate speed values and still reach the exact  ?  km/h.)

These are the only rules likely to affect grading of any reasonable or creative student answer for the present speed-distance-time problem."
b015,4,"Jeremy, Kris and Lenny had some stickers. Lenny had twice as many
stickers as Kris. Kris had twice as many stickers as Jeremy. Kris
had 48 stickers. How many stickers did they have altogether?","Number of stickers Kris had $=$ 48
Number of stickers Jeremy had $=$ 48 $\div$ 2 $=$ 24
Number of stickers Lenny had $=$ 48 $\times$ 2 $=$ 96
Total stickers $=$ 48 $+$ 24 $+$ 96 $=$ 168
Ans: 168 stickers","Difference in units between Lenny and Kris
= 2 units

Difference in units between Kris and Jeremy
= 1 unit

Number of stickers Kris has 
= 48

Number of stickers Jenny has
= 48 x 4
= 192

Number of stickers Jeremy has
= 48 / 2
= 24

Number of stickers the three of them have altogether
= 24 + 192 + 48
= 264

They have 264 stickers altogether.",1,1,High Confidence,S1 correct (Jeremy: 24). S2 wrong (Lenny should be 96; student wrote 192). S3 wrong (total should be 168; student gave 264). Final total incorrect (264 instead of 168).,"S1 step summary: Find number of stickers Jeremy had
Marker's rationale: The student's answer fully matches the solution because the number of stickers Jeremy had (24) is correctly shown.

S2 step summary: Find number of stickers Lenny had
Marker's rationale: The student's answer does not match the solution because the required value 96 for Lenny is absent; the student gave 192 instead.

S3 step summary: Calculate total number of stickers
Marker's rationale: The student's answer does not match the solution because the total 168 is not found; 264 is given instead.

Final answer step summary: State total stickers Jeremy, Kris and Lenny had altogether
Marker's rationale: The student's answer does not match the solution because the stated total (264) is not equivalent to 168, although units are acceptable and format is clear. Since the numerical value is wrong, no marks are awarded for the final answer.","[
  {
    ""step_code"": ""S1"",
    ""step_summary"": ""Find number of stickers Jeremy had"",
    ""evidence_required"": ""24"",
    ""mark_value"": ""1"",
    ""units_required"": ""none""
  },
  {
    ""step_code"": ""S2"",
    ""step_summary"": ""Find number of stickers Lenny had"",
    ""evidence_required"": ""96"",
    ""mark_value"": ""1"",
    ""units_required"": ""none""
  },
  {
    ""step_code"": ""S3"",
    ""step_summary"": ""Calculate total number of stickers"",
    ""evidence_required"": ""168"",
    ""mark_value"": ""1"",
    ""units_required"": ""none""
  },
  {
    ""step_code"": ""Final answer"",
    ""step_summary"": ""State total stickers Jeremy, Kris and Lenny had altogether"",
    ""evidence_required"": ""168 stickers"",
    ""mark_value"": ""4"",
    ""units_required"": ""none""
  }
]","Relevant rules for grading the given Primary Mathematics question:

B) General marking standards  
1. All fractions and ratios must be left in the simplest form unless otherwise stated.  
3. All answers must be precise and exact unless otherwise stated.

C) Common presentation errors  
1. Inappropriate use of equal signs ‚Äì e.g. stating a result in the form ‚Äú240 = total‚Äù is wrong; the equal sign must connect equivalent quantities only.  
5. Redundancy ‚Äì Leading zero, trailing zero, and zero place holders are not allowed unless specifically required.

D) Units related marking  
8. Years are considered as units and will be treated accordingly.  (Note: Although ‚Äústickers‚Äù is not a formal unit like ‚Äúyears‚Äù, this rule implies that if the question asks ‚ÄúHow many stickers‚Ä¶‚Äù, the word ‚Äústickers‚Äù may be used; omitting it is also acceptable since the context is clear.)

G) No calculator questions  
When the question states ‚ÄúShow your working clearly‚Äù, students‚Äô final-answer step must include working.

(Only the above sections contain rules that could apply to assessing a numerical answer for ‚ÄúHow many stickers did they have altogether?‚Äù)"
b016,4,"Ahmad went to the supermarket to buy some snacks. He paid the cashier 2 ten-dollar notes and 3 two-dollar notes. He was then returned a change of some 50-cent coins and 20-cent coins. Given that the cost of the snacks is \$24.40, how many coins did Ahmad received as a change?","2 ten-dollar notes and 3 two-dollar notes $=$ \$26

Change received $=$ \$26 $-$ \$24.40 $=$ \$1.60 

In order to have a change of \$1.60, it can only be containing two 50-cent coins and three 20-cent coins.

Ans: 5 coins","The number of coins 2 ten dollar is:
10.00 + 10.00 = <span contenteditable=""false"">$</span>20.00
The number of coins 3 two-dollar coins is:
2.00 x 3 = <span contenteditable=""false"">$</span>6.00
The number of coins Ahmad recieved as a change:
20.00 + 6.00 - 24.40 = <span contenteditable=""false"">$</span>1.60
Answer: <span contenteditable=""false"">$</span>1.60",2,1,Low Confidence,S1 missing explicit $26 total (only $20 and $6 shown). S2 correct ($1.60 change). S3 no coin breakdown. Final gave $1.60 instead of ‚Äú5 coins‚Äù; therefore incorrect.,"S1 step summary: Find the total amount Ahmad paid
Marker's rationale: The student's answer does not match the solution because the explicit value $26 is not written; only $20 and $6 are shown separately, so evidence for the total paid is missing.

S2 step summary: Calculate the amount of change received
Marker's rationale: The student's answer fully matches the solution because the amount of change $1.60 is correctly calculated and displayed.

S3 step summary: State a possible combination of 50-cent and 20-cent coins that makes up the change
Marker's rationale: The student's answer does not match the solution because no coin breakdown (2√ó50¬¢ and 3√ó20¬¢) is provided.

Final answer step summary: Give the number of coins received as change
Marker's rationale: The student's answer does not match the solution because the numerical answer given is $1.60 instead of the required number of coins (5), so answer equivalence fails although units are not required and format is acceptable.","[
  {
    ""step_code"": ""S1"",
    ""step_summary"": ""Find the total amount Ahmad paid"",
    ""evidence_required"": ""$26"",
    ""mark_value"": ""1"",
    ""units_required"": ""none""
  },
  {
    ""step_code"": ""S2"",
    ""step_summary"": ""Calculate the amount of change received"",
    ""evidence_required"": ""$1.60"",
    ""mark_value"": ""1"",
    ""units_required"": ""none""
  },
  {
    ""step_code"": ""S3"",
    ""step_summary"": ""State a possible combination of 50-cent and 20-cent coins that makes up the change"",
    ""evidence_required"": ""2 50-cent coins and 3 20-cent coins"",
    ""mark_value"": ""1"",
    ""units_required"": ""none""
  },
  {
    ""step_code"": ""Final answer"",
    ""step_summary"": ""Give the number of coins received as change"",
    ""evidence_required"": ""5"",
    ""mark_value"": ""4"",
    ""units_required"": ""none""
  }
]","Relevant rules to grade this money/coins question (original numbering preserved):

B) General marking standards  
1. All fractions and ratios must be left in the simplest form unless otherwise stated.  
2. All improper fractions must be converted to mixed numbers unless otherwise stated.  
3. All answers must be precise and exact unless otherwise stated.

C) Common presentation errors  
1. Inappropriate use of equal signs  
5. Redundancy ‚Äì Leading zero, trailing zero, and zero place holders  
   - 2.34 litres (correct) / 2.340 litres (wrong) unless question specified 3 decimal places  
   - 173.9 (correct) / 173.90 (wrong) unless question specified 2 decimal places  
   (Apply the same idea to money answers; do not accept unnecessary trailing zeros in cents unless required.)  

D) Units related marking  
6. The usage of S and c for dollars and cents is acceptable. Not all students understand how to type $ and ¬¢.  
   - 50c (correct)  
   - S100 (correct)

E) Alternative format provided by students  
6. Money  
   - Writing dollars and cents in words is acceptable; Interchanging of comma (,) and period (.) is not acceptable; Using unnecessary brackets is not acceptable  
   - $20 and 50¬¢ (Correct)  
   - 20 dollars and 50 cents (Correct)  
   - $2500 (Correct)  
   - $2 500 (Correct)  
   - $1,250.50 (Correct)  
   - $(10t) (Wrong)  
   - $1250,50 (Wrong)

G) No calculator questions  
When the question states 'Show your working clearly', students' final answer step must include working. (If such an instruction appears in the task, apply this rule.)

(The above rules cover precision, correct money notation, acceptable units/abbreviations, and presentation issues that may arise when students state the number of coins or show intermediate money calculations.)"
